dataset,noShift,shifted
cnn,0.8283686478953746,0.8238347494974733
color,0.6515678032980127,0.6527118711337699
deblur,0.6096504304889526,0.6093008541612555
frameinterp,0.6329449212604786,0.6248940740222648
superres,0.7116893943297617,0.7092851938497255
traditional,0.7548728854474375,0.7509322076309788
