dataset,noShift,shifted
cnn,0.8270127156812508,0.8185805121373575
color,0.6505084814282797,0.6465254303099492
deblur,0.608760600140855,0.60838983729166
frameinterp,0.6211864464537445,0.6097457681672048
superres,0.7105287457517758,0.7069915313666237
traditional,0.769364410986082,0.7727542416334657
