dataset,noShift,shifted
cnn,0.8270127156812508,0.8155296645805997
color,0.6505084814282797,0.6413983116305229
deblur,0.608760600140855,0.6076906847246623
frameinterp,0.6211864464537445,0.6137711921769936
superres,0.7105287457517758,0.7057111333690546
traditional,0.769364410986082,0.7680932247663959
