dataset,noShift,shifted
cnn,0.8270127156812508,0.8207839020227982
color,0.6505084814282797,0.6463983116671443
deblur,0.608760600140855,0.6099152610763529
frameinterp,0.6211864464537445,0.6174788192403897
superres,0.7105287457517758,0.7092022904405588
traditional,0.769364410986082,0.7701694959679902
