dataset,noShift,shifted
cnn,0.8283686478953746,0.8270127156938789
color,0.6515678032980127,0.6533898372866087
deblur,0.6096504304889526,0.6094915321665042
frameinterp,0.6329449212604786,0.626588988962378
superres,0.7116893943297617,0.7121315461102332
traditional,0.7548728854474375,0.7534745803955248
