dataset,noShift,shifted
cnn,0.8357839023378694,0.8352754277540213
color,0.6424152605835411,0.639491531745357
deblur,0.6087605999987888,0.6085805152116691
frameinterp,0.6220339040303509,0.6173728869564957
superres,0.7078758349261942,0.708723292590648
traditional,0.7823305132056949,0.7850847505285579
