dataset,noShift,shifted
cnn,0.8351059361881876,0.8315466140854662
color,0.6448305151188525,0.6422033963977533
deblur,0.6097775490859808,0.6074364472622589
frameinterp,0.6248940736276366,0.6305084803962481
superres,0.7092207131829105,0.7039609488577485
traditional,0.7869491573959841,0.786822038743708
