dataset,noShift,shifted
cnn,0.8351059361881876,0.8329872920761927
color,0.6448305151188525,0.6462711931158931
deblur,0.6097775490859808,0.609555091396353
frameinterp,0.6248940736276366,0.6291313618421555
superres,0.7092207131829105,0.7097734029328638
traditional,0.7869491573959841,0.7879237337353624
