dataset,noShift,shifted
cnn,0.8351059361881876,0.8325211903585469
color,0.6448305151188525,0.6443220405350044
deblur,0.6097775490859808,0.6090254303462551
frameinterp,0.6248940736276366,0.6291313617474447
superres,0.7092207131829105,0.7073968369458845
traditional,0.7869491573959841,0.7884745811917266
