dataset,noShift,shifted
cnn,0.8357839023378694,0.8350635633156713
color,0.6424152605835411,0.6419491589100936
deblur,0.6087605999987888,0.6080296678089742
frameinterp,0.6220339040303509,0.6240466159878898
superres,0.7078758349261942,0.7073784140854876
traditional,0.7823305132056949,0.786991530334798
