dataset,noShift,shifted
cnn,0.8357839023378694,0.8347245802092603
color,0.6424152605835411,0.6392372944187057
deblur,0.6087605999987888,0.6090042440978399
frameinterp,0.6220339040303509,0.6179025481076185
superres,0.7078758349261942,0.7055637493575858
traditional,0.7823305132056949,0.7831355980802643
